二人以上の世帯_支出金額[円],,,,,,,,1
,,,,,,,,2025年
表側連番,階層,大分類,中分類,小分類,中間計,符号,品目分類,(令和７年)
1,-,-,-,-,-,-,世帯数分布(抽出率調整),10000
2,-,-,-,-,-,-,集計世帯数,7261
3,-,-,-,-,-,-,世帯人員(人),2.87
4,-,-,-,-,-,-,18歳未満人員(人),0.52
5,-,-,-,-,-,-,65歳以上人員(人),0.86
6,-,-,-,-,-,-,うち無職者人員(人),0.67
7,-,-,-,-,-,-,有業人員(人),1.34
8,-,-,-,-,-,-,世帯主の年齢(歳),60.7
9,-,-,-,-,-,-,持家率(％),87.3
10,-,-,-,-,-,-,家賃・地代を支払っている世帯の割合(％),11.7
11,1,-,-,-,-,-,消費支出,3768007
12,2,1,-,-,-,-,食料,1138736
13,3,1,1,-,-,-,穀類,105698
14,4,1,1,1,-,102,米,42739
15,4,1,1,2,-,-,パン,34244
16,5,1,1,2,-,120,食パン,10946
17,5,1,1,2,-,129,他のパン,23298
18,4,1,1,3,-,-,麺類,22048
19,5,1,1,3,-,130,生うどん・そば,3844
20,5,1,1,3,-,131,乾うどん・そば,2416
21,5,1,1,3,-,134,パスタ,1573
22,5,1,1,3,-,133,中華麺,4929
23,5,1,1,3,-,135,カップ麺,6006
24,5,1,1,3,-,132,即席麺,2546
25,5,1,1,3,-,139,他の麺類,734
26,4,1,1,4,-,-,他の穀類,6667
27,5,1,1,4,-,140,小麦粉,673
28,5,1,1,4,-,150,もち,1956
29,5,1,1,4,-,160,他の穀類のその他,4038
30,3,1,2,-,-,-,魚介類,75515
31,4,1,2,1,-,-,生鮮魚介,41089
32,5,1,2,1,170-189,-,鮮魚,38561
33,6,1,2,1,170-189,170,まぐろ,5609
34,6,1,2,1,170-189,172,あじ,970
35,6,1,2,1,170-189,173,いわし,428
36,6,1,2,1,170-189,174,かつお,1679
37,6,1,2,1,170-189,175,かれい,758
38,6,1,2,1,170-189,176,さけ,5295
39,6,1,2,1,170-189,177,さば,859
40,6,1,2,1,170-189,178,さんま,997
41,6,1,2,1,170-189,180,たい,1039
42,6,1,2,1,170-189,181,ぶり,2538
43,6,1,2,1,170-189,182,いか,1683
44,6,1,2,1,170-189,183,たこ,1091
45,6,1,2,1,170-189,185,えび,2930
46,6,1,2,1,170-189,186,かに,1645
47,6,1,2,1,170-189,189,他の鮮魚,6953
48,6,1,2,1,170-189,187,さしみ盛合わせ,4087
49,5,1,2,1,190-194,-,貝類,2528
50,6,1,2,1,190-194,190,あさり,383
51,6,1,2,1,190-194,192,しじみ,328
52,6,1,2,1,190-194,191,かき(貝),728
53,6,1,2,1,190-194,194,ほたて貝,704
54,6,1,2,1,190-194,193,他の貝,384
55,4,1,2,2,-,-,塩干魚介,13579
56,5,1,2,2,-,195,塩さけ,2664
57,5,1,2,2,-,196,たらこ,2027
58,5,1,2,2,-,197,しらす干し,1555
59,5,1,2,2,-,198,干しあじ,523
60,5,1,2,2,-,202,他の塩干魚介,6810
61,4,1,2,3,-,-,魚肉練製品,9509
62,5,1,2,3,-,203,揚げかまぼこ,2511
63,5,1,2,3,-,204,ちくわ,2109
64,5,1,2,3,-,205,かまぼこ,3174
65,5,1,2,3,-,209,他の魚肉練製品,1716
66,4,1,2,4,-,-,他の魚介加工品,11338
67,5,1,2,4,-,210,かつお節・削り節,891
68,5,1,2,4,-,213,魚介の漬物,3063
69,5,1,2,4,-,215,魚介のつくだ煮,856
70,5,1,2,4,-,216,魚介の缶詰,2996
71,5,1,2,4,-,217,他の魚介加工品のその他,3531
72,3,1,3,-,-,-,肉類,102244
73,4,1,3,1,-,-,生鮮肉,83265
74,5,1,3,1,-,220,牛肉,20880
75,5,1,3,1,-,221,豚肉,35416
76,5,1,3,1,-,222,鶏肉,20182
77,5,1,3,1,-,22X,合いびき肉,3446
78,5,1,3,1,-,224,他の生鮮肉,3342
79,4,1,3,2,-,-,加工肉,18978
80,5,1,3,2,-,225,ハム,4678
81,5,1,3,2,-,226,ソーセージ,8133
82,5,1,3,2,-,227,ベーコン,2502
83,5,1,3,2,-,229,他の加工肉,3664
84,3,1,4,-,-,-,乳卵類,55338
85,4,1,4,1,-,230,牛乳,15875
86,4,1,4,2,-,-,乳製品,25318
87,5,1,4,2,-,231,粉ミルク,1088
88,5,1,4,2,-,232,ヨーグルト,14691
89,5,1,4,2,-,233,バター,1474
90,5,1,4,2,-,234,チーズ,7171
91,5,1,4,2,-,235,他の乳製品,894
92,4,1,4,3,-,238,卵,14145
93,3,1,5,-,-,-,野菜・海藻,116581
94,4,1,5,1,-,-,生鮮野菜,78166
95,5,1,5,1,240-249,-,葉茎菜,24120
96,6,1,5,1,240-249,240,キャベツ,3310
97,6,1,5,1,240-249,241,ほうれんそう,1981
98,6,1,5,1,240-249,242,はくさい,1623
99,6,1,5,1,240-249,243,ねぎ,3643
100,6,1,5,1,240-249,244,レタス,2703
101,6,1,5,1,240-249,247,ブロッコリー,2843
102,6,1,5,1,240-249,245,もやし,1078
103,6,1,5,1,240-249,249,他の葉茎菜,6938
104,5,1,5,1,"250-259,25X",-,根菜,20810
105,6,1,5,1,"250-259,25X",250,さつまいも,1329
106,6,1,5,1,"250-259,25X",251,じゃがいも,3158
107,6,1,5,1,"250-259,25X",252,さといも,781
108,6,1,5,1,"250-259,25X",253,だいこん,1837
109,6,1,5,1,"250-259,25X",254,にんじん,2978
110,6,1,5,1,"250-259,25X",255,ごぼう,1013
111,6,1,5,1,"250-259,25X",256,たまねぎ,4525
112,6,1,5,1,"250-259,25X",258,れんこん,1012
113,6,1,5,1,"250-259,25X",25X,たけのこ,645
114,6,1,5,1,"250-259,25X",259,他の根菜,3533
115,5,1,5,1,"260-269,26B,26X",-,他の野菜,33236
116,6,1,5,1,"260-269,26B,26X",260,さやまめ,1611
117,6,1,5,1,"260-269,26B,26X",261,かぼちゃ,1790
118,6,1,5,1,"260-269,26B,26X",262,きゅうり,3578
119,6,1,5,1,"260-269,26B,26X",263,なす,2231
120,6,1,5,1,"260-269,26B,26X",264,トマト,8327
121,6,1,5,1,"260-269,26B,26X",265,ピーマン,2356
122,6,1,5,1,"260-269,26B,26X",266,生しいたけ,2010
123,6,1,5,1,"260-269,26B,26X",26B,しめじ,2010
124,6,1,5,1,"260-269,26B,26X",26X,えのきたけ,1512
125,6,1,5,1,"260-269,26B,26X",267,他のきのこ,2619
126,6,1,5,1,"260-269,26B,26X",269,他の野菜のその他,5192
127,4,1,5,2,-,-,乾物・海藻,9791
128,5,1,5,2,-,273,豆類,415
129,5,1,5,2,-,274,干ししいたけ,376
130,5,1,5,2,-,276,干しのり,3461
131,5,1,5,2,-,277,わかめ,1640
132,5,1,5,2,-,278,こんぶ,743
133,5,1,5,2,-,279,他の乾物・海藻,3157
134,4,1,5,3,-,-,大豆加工品,14375
135,5,1,5,3,-,280,豆腐,5373
136,5,1,5,3,-,281,油揚げ・がんもどき,3048
137,5,1,5,3,-,282,納豆,5018
138,5,1,5,3,-,289,他の大豆製品,936
139,4,1,5,4,-,-,他の野菜・海藻加工品,14248
140,5,1,5,4,-,290,こんにゃく,1643
141,5,1,5,4,-,291,梅干し,1497
142,5,1,5,4,-,292,だいこん漬,1173
143,5,1,5,4,-,293,はくさい漬,653
144,5,1,5,4,-,294,他の野菜の漬物,5053
145,5,1,5,4,-,295,こんぶつくだ煮,1323
146,5,1,5,4,-,296,他の野菜・海藻のつくだ煮,398
147,5,1,5,4,-,299,他の野菜・海藻加工品のその他,2509
148,3,1,6,-,-,-,果物,44742
149,4,1,6,1,-,-,生鮮果物,40766
150,5,1,6,1,-,300,りんご,4812
151,5,1,6,1,-,301,みかん,4598
152,5,1,6,1,-,315,オレンジ,654
153,5,1,6,1,-,304,他の柑きつ類,2206
154,5,1,6,1,-,305,梨,1947
155,5,1,6,1,-,306,ぶどう,3722
156,5,1,6,1,-,307,柿,1050
157,5,1,6,1,-,308,桃,1063
158,5,1,6,1,-,309,すいか,1563
159,5,1,6,1,-,310,メロン,868
160,5,1,6,1,-,311,いちご,3716
161,5,1,6,1,-,312,バナナ,6398
162,5,1,6,1,-,316,キウイフルーツ,2701
163,5,1,6,1,-,313,他の果物,5469
164,4,1,6,2,-,319,果物加工品,3976
165,3,1,7,-,-,-,油脂・調味料,50652
166,4,1,7,1,-,-,油脂,5377
167,5,1,7,1,-,320,食用油,4721
168,5,1,7,1,-,321,マーガリン,656
169,4,1,7,2,-,-,調味料,45274
170,5,1,7,2,-,322,食塩,453
171,5,1,7,2,-,323,しょう油,1812
172,5,1,7,2,-,324,みそ,2345
173,5,1,7,2,-,325,砂糖,1190
174,5,1,7,2,-,327,酢,740
175,5,1,7,2,-,328,ソース,840
176,5,1,7,2,-,329,ケチャップ,823
177,5,1,7,2,-,330,マヨネーズ・マヨネーズ風調味料,1731
178,5,1,7,2,-,332,ドレッシング,2271
179,5,1,7,2,-,331,ジャム,1425
180,5,1,7,2,-,333,カレールウ,1552
181,5,1,7,2,-,334,乾燥スープ,4171
182,5,1,7,2,-,335,風味調味料,2767
183,5,1,7,2,-,336,ふりかけ,2011
184,5,1,7,2,-,33X,つゆ・たれ,5682
185,5,1,7,2,-,339,他の調味料,15461
186,3,1,8,-,-,-,菓子類,110527
187,4,1,8,-,-,340,ようかん,765
188,4,1,8,-,-,341,まんじゅう,969
189,4,1,8,-,-,342,他の和生菓子,10558
190,4,1,8,-,-,343,カステラ,927
191,4,1,8,-,-,344,ケーキ,7708
192,4,1,8,-,-,347,ゼリー,2528
193,4,1,8,-,-,348,プリン,1959
194,4,1,8,-,-,345,他の洋生菓子,11284
195,4,1,8,-,-,350,せんべい,7274
196,4,1,8,-,-,346,ビスケット,6125
197,4,1,8,-,-,357,スナック菓子,7228
198,4,1,8,-,-,349,キャンデー,2822
199,4,1,8,-,-,352,チョコレート,7150
200,4,1,8,-,-,353,チョコレート菓子,2735
201,4,1,8,-,-,356,アイスクリーム・シャーベット,13044
202,4,1,8,-,-,359,他の菓子,27450
203,3,1,9,-,-,-,調理食品,162964
204,4,1,9,1,-,-,主食的調理食品,70269
205,5,1,9,1,-,360,弁当,18968
206,5,1,9,1,-,36A,すし(弁当),16300
207,5,1,9,1,-,36B,おにぎり・その他,6418
208,5,1,9,1,-,361,調理パン,7043
209,5,1,9,1,-,363,他の主食的調理食品,21540
210,4,1,9,2,-,-,他の調理食品,92695
211,5,1,9,2,-,364,うなぎのかば焼き,2678
212,5,1,9,2,-,365,サラダ,6657
213,5,1,9,2,-,366,コロッケ,2308
214,5,1,9,2,-,367,カツレツ,2339
215,5,1,9,2,-,368,天ぷら・フライ,14103
216,5,1,9,2,-,369,しゅうまい,1191
217,5,1,9,2,-,371,ぎょうざ,1985
218,5,1,9,2,-,372,やきとり,2875
219,5,1,9,2,-,373,ハンバーグ,1714
220,5,1,9,2,-,370,冷凍調理食品,11976
221,5,1,9,2,-,375,そうざい材料セット,4074
222,5,1,9,2,-,376,他の調理食品のその他,40795
223,3,1,10,-,-,-,飲料,70311
224,4,1,10,1,-,-,茶類,14715
225,5,1,10,1,-,380,緑茶,3153
226,5,1,10,1,-,381,紅茶,895
227,5,1,10,1,-,383,他の茶葉,1705
228,5,1,10,1,-,38X,茶飲料,8962
229,4,1,10,2,-,-,コーヒー・ココア,16348
230,5,1,10,2,-,382,コーヒー,9635
231,5,1,10,2,-,384,コーヒー飲料,6229
232,5,1,10,2,-,386,ココア・ココア飲料,484
233,4,1,10,3,-,-,他の飲料,39248
234,5,1,10,3,-,385,果実・野菜ジュース,7374
235,5,1,10,3,-,387,炭酸飲料,8130
236,5,1,10,3,-,388,乳酸菌飲料,5467
237,5,1,10,3,-,38A,乳飲料,2990
238,5,1,10,3,-,38B,ミネラルウォーター,4635
239,5,1,10,3,-,38Y,スポーツドリンク,1571
240,5,1,10,3,-,389,他の飲料のその他,9082
241,3,1,11,-,-,-,酒類,45406
242,4,1,11,-,-,3X1,清酒,5509
243,4,1,11,-,-,3X3,焼酎,5637
244,4,1,11,-,-,3X4,ビール,13436
245,4,1,11,-,-,3X5,ウイスキー,2916
246,4,1,11,-,-,3X9,ワイン,3341
247,4,1,11,-,-,3X7,発泡酒,7551
248,4,1,11,-,-,3X8,チューハイ・カクテル,5650
249,4,1,11,-,-,3XX,他の酒,1365
250,3,1,12,-,-,-,外食,198759
251,4,1,12,1,-,-,一般外食,191587
252,5,1,12,1,"390-396,399,39A,39B",-,食事代,160265
253,6,1,12,1,"390-396,399,39A,39B",390,日本そば・うどん,8080
254,6,1,12,1,"390-396,399,39A,39B",391,中華そば,9711
255,6,1,12,1,"390-396,399,39A,39B",392,他の麺類外食,3389
256,6,1,12,1,"390-396,399,39A,39B",393,すし(外食),17975
257,6,1,12,1,"390-396,399,39A,39B",394,和食,28331
258,6,1,12,1,"390-396,399,39A,39B",39A,中華食,5486
259,6,1,12,1,"390-396,399,39A,39B",395,洋食,14720
260,6,1,12,1,"390-396,399,39A,39B",399,焼肉,8852
261,6,1,12,1,"390-396,399,39A,39B",39B,ハンバーガー,6941
262,6,1,12,1,"390-396,399,39A,39B",396,他の主食的外食,56780
263,5,1,12,1,-,397,喫茶代,11823
264,5,1,12,1,-,398,飲酒代,19498
265,4,1,12,2,-,39X,学校給食,7172
266,2,2,-,-,-,-,住居,224139
267,3,2,1,-,-,-,家賃地代,97134
268,4,2,1,-,-,400,民営家賃,82450
269,4,2,1,-,-,403,公営家賃,4152
270,4,2,1,-,-,404,給与住宅家賃,6333
271,4,2,1,-,-,402,地代,3161
272,4,2,1,-,-,409,他の家賃地代,1037
273,3,2,2,-,-,-,設備修繕・維持,127006
274,4,2,2,1,-,-,設備材料,42915
275,5,2,2,1,-,410,設備器具,38491
276,5,2,2,1,-,419,修繕材料,4424
277,4,2,2,2,-,-,工事その他のサービス,84091
278,5,2,2,2,-,420,畳替え,398
279,5,2,2,2,-,424,給排水関係工事費,5976
280,5,2,2,2,-,425,外壁・塀等工事費,37157
281,5,2,2,2,-,426,植木・庭手入れ代,4628
282,5,2,2,2,-,427,他の工事費,21622
283,5,2,2,2,-,429,火災・地震保険料,14310
284,2,3,-,-,-,-,光熱・水道,294563
285,3,3,1,-,-,430,電気代,158622
286,3,3,2,-,-,-,ガス代,58588
287,4,3,2,-,-,431,都市ガス,38073
288,4,3,2,-,-,432,プロパンガス,20516
289,3,3,3,-,-,-,他の光熱,16552
290,4,3,3,-,-,433,灯油,15924
291,4,3,3,-,-,439,他の光熱のその他,628
292,3,3,4,-,-,440,上下水道料,60800
293,2,4,-,-,-,-,家具・家事用品,156818
294,3,4,1,-,-,-,家庭用耐久財,53089
295,4,4,1,1,-,-,家事用耐久財,26030
296,5,4,1,1,-,45X,電子レンジ,1481
297,5,4,1,1,-,451,炊事用電気器具,3273
298,5,4,1,1,-,452,炊事用ガス器具,462
299,5,4,1,1,-,453,冷蔵庫,6774
300,5,4,1,1,-,455,掃除機,3046
301,5,4,1,1,-,456,洗濯機,6826
302,5,4,1,1,-,459,他の家事用耐久財,4169
303,4,4,1,2,-,-,冷暖房用器具,20266
304,5,4,1,2,-,470,エアコン,15611
305,5,4,1,2,-,472,ストーブ・温風ヒーター,1383
306,5,4,1,2,-,479,他の冷暖房用器具,3272
307,4,4,1,3,-,-,一般家具,6793
308,5,4,1,3,-,480,たんす,337
309,5,4,1,3,-,482,テーブル・ソファー,3692
310,5,4,1,3,-,483,食器戸棚,369
311,5,4,1,3,-,489,他の家具,2395
312,3,4,2,-,-,-,室内装備・装飾品,7213
313,4,4,2,-,-,491,照明器具,1383
314,4,4,2,-,-,492,室内装飾品,1084
315,4,4,2,-,-,493,敷物,1622
316,4,4,2,-,-,496,カーテン,1357
317,4,4,2,-,-,499,他の室内装備品,1768
318,3,4,3,-,-,-,寝具類,9982
319,4,4,3,-,-,500,ベッド,1623
320,4,4,3,-,-,501,布団,2509
321,4,4,3,-,-,503,毛布,425
322,4,4,3,-,-,505,シーツ,585
323,4,4,3,-,-,509,他の寝具類,4840
324,3,4,4,-,-,-,家事雑貨,29525
325,4,4,4,-,-,510,茶わん・皿・鉢,1180
326,4,4,4,-,-,514,他の食卓用品,3120
327,4,4,4,-,-,515,鍋・やかん,2088
328,4,4,4,-,-,517,他の台所用品,3363
329,4,4,4,-,-,518,電球・ランプ,863
330,4,4,4,-,-,519,タオル,2195
331,4,4,4,-,-,529,他の家事雑貨,16715
332,3,4,5,-,-,-,家事用消耗品,45622
333,4,4,5,-,"531,532",-,ティッシュペーパー・トイレットペーパー,7691
334,5,4,5,-,"531,532",531,ティッシュペーパー,2800
335,5,4,5,-,"531,532",532,トイレットペーパー,4891
336,4,4,5,-,"533,534",-,洗剤,11284
337,5,4,5,-,"533,534",533,台所・住居用洗剤,4379
338,5,4,5,-,"533,534",534,洗濯用洗剤,6905
339,4,4,5,-,"530,535-539",-,他の家事用消耗品,26647
340,5,4,5,-,"530,535-539",530,ポリ袋・ラップ,5131
341,5,4,5,-,"530,535-539",535,殺虫・防虫剤,2698
342,5,4,5,-,"530,535-539",536,柔軟仕上剤,3315
343,5,4,5,-,"530,535-539",537,芳香・消臭剤,2571
344,5,4,5,-,"530,535-539",539,他の家事用消耗品のその他,12931
345,3,4,6,-,-,-,家事サービス,11387
346,4,4,6,-,-,540,家事代行料,1543
347,4,4,6,-,-,541,廃棄物処理手数料・リサイクル料金,5237
348,4,4,6,-,-,542,家具・家事用品関連サービス,4607
349,2,5,-,-,-,-,被服及び履物,120761
350,3,5,1,-,-,558,和服,1699
351,3,5,2,-,-,-,洋服,46414
352,4,5,2,1,-,-,男性用洋服,16590
353,5,5,2,1,-,560,男性用スーツ,3104
354,5,5,2,1,-,561,男性用上着,1698
355,5,5,2,1,-,562,男性用ズボン,4309
356,5,5,2,1,-,563,男性用コート,781
357,5,5,2,1,-,565,男性用学校制服,1061
358,5,5,2,1,-,569,他の男性用洋服,5636
359,4,5,2,2,-,-,女性用洋服,24031
360,5,5,2,2,-,570,女性用スーツ・ワンピース,3482
361,5,5,2,2,-,574,女性用上着,1726
362,5,5,2,2,-,571,スカート,1316
363,5,5,2,2,-,572,女性用スラックス,5839
364,5,5,2,2,-,573,女性用コート,1593
365,5,5,2,2,-,575,女性用学校制服,1099
366,5,5,2,2,-,576,他の女性用洋服,8976
367,4,5,2,3,-,-,子供用洋服,5793
368,5,5,2,3,-,580,子供服,4975
369,5,5,2,3,-,582,乳児服,818
370,3,5,3,-,-,-,シャツ・セーター類,25071
371,4,5,3,1,-,-,男性用シャツ・セーター類,8670
372,5,5,3,1,-,590,ワイシャツ,1250
373,5,5,3,1,-,591,他の男性用シャツ,6229
374,5,5,3,1,-,592,男性用セーター,1191
375,4,5,3,2,-,-,女性用シャツ・セーター類,14289
376,5,5,3,2,-,593,ブラウス,2613
377,5,5,3,2,-,594,他の女性用シャツ,7539
378,5,5,3,2,-,595,女性用セーター,4137
379,4,5,3,3,-,596,子供用シャツ・セーター類,2112
380,3,5,4,-,-,-,下着類,12041
381,4,5,4,1,-,-,男性用下着類,3668
382,5,5,4,1,-,600,男性用下着,2908
383,5,5,4,1,-,602,男性用寝巻き,760
384,4,5,4,2,-,-,女性用下着類,6972
385,5,5,4,2,-,610,女性用補整下着,956
386,5,5,4,2,-,612,他の女性用下着,4942
387,5,5,4,2,-,614,女性用寝巻き,1074
388,4,5,4,3,-,-,子供用下着類,1401
389,5,5,4,3,-,620,子供用下着,880
390,5,5,4,3,-,621,子供用寝巻き,521
391,3,5,5,-,-,-,生地・糸類,928
392,4,5,5,-,-,631,生地・反物,426
393,4,5,5,-,-,640,他の生地・糸類,501
394,3,5,6,-,-,-,他の被服,9662
395,4,5,6,-,-,650,帽子,1553
396,4,5,6,-,-,652,マフラー・スカーフ,487
397,4,5,6,-,-,653,手袋,563
398,4,5,6,-,-,654,男性用靴下,1410
399,4,5,6,-,-,656,女性用靴下,1832
400,4,5,6,-,-,657,子供用靴下,468
401,4,5,6,-,-,659,他の被服のその他,3350
402,3,5,7,-,-,-,履物類,17969
403,4,5,7,-,-,675,大人用運動靴,4672
404,4,5,7,-,-,679,大人用サンダル,341
405,4,5,7,-,-,670,男性用靴,3716
406,4,5,7,-,-,672,女性用靴,4848
407,4,5,7,-,-,676,子供用靴・サンダル,2444
408,4,5,7,-,-,680,他の履物,1948
409,3,5,8,-,-,-,被服関連サービス,6978
410,4,5,8,-,-,691,洗濯代,4785
411,4,5,8,-,-,694,被服賃借料,1397
412,4,5,8,-,-,692,他の被服関連サービス,796
413,2,6,-,-,-,-,保健医療,190352
414,3,6,1,-,-,-,医薬品,34106
415,4,6,1,-,-,700,感冒薬,2332
416,4,6,1,-,-,701,胃腸薬,1442
417,4,6,1,-,-,702,栄養剤,3898
418,4,6,1,-,-,704,外傷・皮膚病薬,1017
419,4,6,1,-,-,706,他の外用薬,3634
420,4,6,1,-,-,709,他の医薬品,21784
421,3,6,2,-,-,710,健康保持用摂取品,13175
422,3,6,3,-,-,-,保健医療用品・器具,35609
423,4,6,3,-,-,713,紙おむつ,4138
424,4,6,3,-,-,715,マスク,2523
425,4,6,3,-,-,711,他の保健用消耗品,10347
426,4,6,3,-,-,712,眼鏡,7404
427,4,6,3,-,-,714,コンタクトレンズ,4737
428,4,6,3,-,-,719,他の保健医療用品・器具,6459
429,3,6,4,-,-,-,保健医療サービス,107462
430,4,6,4,-,-,720,医科診療代,47164
431,4,6,4,-,-,722,歯科診療代,24147
432,4,6,4,-,-,723,出産入院料,1267
433,4,6,4,-,-,721,他の入院料,17378
434,4,6,4,-,-,724,整骨(接骨)・鍼灸院治療代,3360
435,4,6,4,-,-,728,マッサージ料金等(診療外),4167
436,4,6,4,-,-,727,人間ドック等受診料,4384
437,4,6,4,-,-,729,他の保健医療サービス,5594
438,2,7,-,-,-,-,交通・通信,548754
439,3,7,1,-,-,-,交通,68431
440,4,7,1,-,-,730,鉄道運賃,25821
441,4,7,1,-,-,731,鉄道通学定期代,3193
442,4,7,1,-,-,732,鉄道通勤定期代,11662
443,4,7,1,-,-,733,バス代,3007
444,4,7,1,-,-,734,バス通学定期代,587
445,4,7,1,-,-,735,バス通勤定期代,1038
446,4,7,1,-,-,736,タクシー代,4447
447,4,7,1,-,-,737,航空運賃,8705
448,4,7,1,-,-,738,有料道路料,8789
449,4,7,1,-,-,739,他の交通,1182
450,3,7,2,-,-,-,自動車等関係費,340255
451,4,7,2,1,-,-,自動車等購入,111749
452,5,7,2,1,-,740,自動車購入,109579
453,5,7,2,1,-,742,自動車以外の輸送機器購入,2170
454,4,7,2,2,-,745,自転車購入,4168
455,4,7,2,3,-,-,自動車等維持,224338
456,5,7,2,3,-,750,ガソリン,72474
457,5,7,2,3,-,751,自動車等部品,22140
458,5,7,2,3,-,752,自動車等関連用品,14269
459,5,7,2,3,-,753,自動車整備費,33830
460,5,7,2,3,-,755,自動車以外の輸送機器整備費,1076
461,5,7,2,3,-,75X,年極・月極駐車場借料,13081
462,5,7,2,3,-,756,他の駐車場借料,3933
463,5,7,2,3,-,75B,レンタカー・カーシェアリング料金,4393
464,5,7,2,3,-,754,他の自動車等関連サービス,10611
465,5,7,2,3,-,757,自動車保険料(自賠責),7133
466,5,7,2,3,-,758,自動車保険料(任意),41143
467,5,7,2,3,-,759,自動車保険料以外の輸送機器保険料,255
468,3,7,3,-,-,-,通信,140068
469,4,7,3,-,-,760,郵便料,2879
470,4,7,3,-,-,762,固定電話通信料,13307
471,4,7,3,-,-,763,携帯電話通信料,108814
472,4,7,3,-,-,769,運送料,4191
473,4,7,3,-,-,766,携帯電話機,8924
474,4,7,3,-,-,764,他の通信機器,1953
475,2,8,-,-,-,-,教育,143269
476,3,8,1,-,-,-,授業料等,109781
477,4,8,1,-,-,770,国公立小学校,3843
478,4,8,1,-,-,771,私立小学校,1130
479,4,8,1,-,-,772,国公立中学校,4145
480,4,8,1,-,-,773,私立中学校,6918
481,4,8,1,-,-,774,国公立高校,6243
482,4,8,1,-,-,775,私立高校,17376
483,4,8,1,-,-,776,国公立大学,4852
484,4,8,1,-,-,777,私立大学,53890
485,4,8,1,-,-,778,幼児教育費用,7549
486,4,8,1,-,-,779,専修学校,3834
487,3,8,2,-,-,-,教科書・学習参考教材,2151
488,4,8,2,-,-,780,教科書,991
489,4,8,2,-,-,781,学習参考教材,1161
490,3,8,3,-,-,-,補習教育,31338
491,4,8,3,-,-,790,幼児・小学校補習教育,9523
492,4,8,3,-,-,791,中学校補習教育,13273
493,4,8,3,-,-,792,高校補習教育・予備校,8542
494,2,9,-,-,-,-,教養娯楽,385496
495,3,9,1,-,-,-,教養娯楽用耐久財,30062
496,4,9,1,-,-,801,テレビ,5530
497,4,9,1,-,-,813,ビデオレコーダー・プレイヤー,845
498,4,9,1,-,-,810,パソコン,15124
499,4,9,1,-,-,804,カメラ・ビデオカメラ,1031
500,4,9,1,-,-,806,楽器,2171
501,4,9,1,-,-,807,書斎・学習用机・椅子,661
502,4,9,1,-,-,809,他の教養娯楽用耐久財,3733
503,4,9,1,-,-,812,教養娯楽用耐久財修理代,969
504,3,9,2,-,-,-,教養娯楽用品,95219
505,4,9,2,-,821-829,-,文房具,6567
506,5,9,2,-,821-829,821,筆記・絵画用具,1135
507,5,9,2,-,821-829,826,ノート・紙製品,2832
508,5,9,2,-,821-829,827,他の学習用消耗品,578
509,5,9,2,-,821-829,828,他の学習用文房具,1180
510,5,9,2,-,821-829,829,他の文房具,842
511,4,9,2,-,832-834,-,運動用具類,16862
512,5,9,2,-,832-834,832,ゴルフ用具,1619
513,5,9,2,-,832-834,833,他の運動用具,4035
514,5,9,2,-,832-834,834,スポーツウェア,11208
515,4,9,2,-,835-837,-,玩具,10563
516,5,9,2,-,835-837,836,ゲーム機,2044
517,5,9,2,-,835-837,835,ゲームソフト等,2306
518,5,9,2,-,835-837,837,他の玩具,6212
519,4,9,2,-,-,840,切り花,7737
520,4,9,2,-,"842,843,845-849,84A,84Y",-,他の教養娯楽用品,38562
521,5,9,2,-,"842,843,845-849,84A,84Y",846,音楽・映像用未使用メディア,516
522,5,9,2,-,"842,843,845-849,84A,84Y",845,音楽・映像収録済メディア,1796
523,5,9,2,-,"842,843,845-849,84A,84Y",848,ペットフード,11170
524,5,9,2,-,"842,843,845-849,84A,84Y",84Y,ペット・他のペット用品,6231
525,5,9,2,-,"842,843,845-849,84A,84Y",84A,園芸用植物,3725
526,5,9,2,-,"842,843,845-849,84A,84Y",847,園芸用品,4780
527,5,9,2,-,"842,843,845-849,84A,84Y",843,手芸・工芸材料,788
528,5,9,2,-,"842,843,845-849,84A,84Y",849,電池,2226
529,5,9,2,-,"842,843,845-849,84A,84Y",842,他の教養娯楽用品のその他,7329
530,4,9,2,-,-,84X,動物病院代,10042
531,4,9,2,-,-,841,他のペット関連サービス,4721
532,4,9,2,-,-,844,教養娯楽用品修理代,166
533,3,9,3,-,-,-,書籍・他の印刷物,34923
534,4,9,3,-,-,850,新聞,24397
535,4,9,3,-,-,851,雑誌,2031
536,4,9,3,-,-,854,書籍,7201
537,4,9,3,-,-,859,他の印刷物,1294
538,3,9,4,-,-,-,教養娯楽サービス,225291
539,4,9,4,1,-,860,宿泊料,35994
540,4,9,4,2,-,-,パック旅行費,38290
541,5,9,4,2,-,861,国内パック旅行費,28487
542,5,9,4,2,-,862,外国パック旅行費,9803
543,4,9,4,3,-,-,月謝類,31661
544,5,9,4,3,-,875,語学月謝,2223
545,5,9,4,3,-,870,他の教育的月謝,2022
546,5,9,4,3,-,876,音楽月謝,4576
547,5,9,4,3,-,871,他の教養的月謝,2112
548,5,9,4,3,-,872,スポーツ月謝,10705
549,5,9,4,3,-,873,自動車教習料,4107
550,5,9,4,3,-,874,家事月謝,546
551,5,9,4,3,-,879,他の月謝類,5371
552,4,9,4,4,-,-,他の教養娯楽サービス,119346
553,5,9,4,4,"880,88A,88B",-,放送受信料,24642
554,6,9,4,4,"880,88A,88B",88A,NHK放送受信料,11957
555,6,9,4,4,"880,88A,88B",88B,ケーブルテレビ放送受信料,11174
556,6,9,4,4,"880,88A,88B",880,他の放送受信料,1511
557,5,9,4,4,"877,878,881-886",-,入場・観覧・ゲーム代,41624
558,6,9,4,4,"877,878,881-886",882,映画・演劇等入場料,8383
559,6,9,4,4,"877,878,881-886",883,スポーツ観覧料,1098
560,6,9,4,4,"877,878,881-886",877,ゴルフプレー料金,10221
561,6,9,4,4,"877,878,881-886",878,スポーツクラブ使用料,5419
562,6,9,4,4,"877,878,881-886",881,他のスポーツ施設使用料,2760
563,6,9,4,4,"877,878,881-886",884,文化施設入場料,3765
564,6,9,4,4,"877,878,881-886",886,遊園地入場・乗物代,3398
565,6,9,4,4,"877,878,881-886",885,他の入場・ゲーム代,6580
566,5,9,4,4,-,888,諸会費,2252
567,5,9,4,4,-,887,写真撮影・プリント代,3015
568,5,9,4,4,-,88X,教養娯楽賃借料,676
569,5,9,4,4,-,88Y,インターネット接続料,35447
570,5,9,4,4,-,889,他の教養娯楽サービスのその他,11691
571,2,10,-,-,-,-,その他の消費支出,565120
572,3,10,1,-,-,-,諸雑費,318869
573,4,10,1,1,-,-,理美容サービス,42082
574,5,10,1,1,-,890,温泉・銭湯入浴料,1994
575,5,10,1,1,-,891,理髪料,5111
576,5,10,1,1,-,892,パーマネント代,2231
577,5,10,1,1,-,894,カット代,7133
578,5,10,1,1,-,899,他の理美容代,25613
579,4,10,1,2,-,-,理美容用品,63344
580,5,10,1,2,-,900,理美容用電気器具,2906
581,5,10,1,2,-,901,歯ブラシ,2125
582,5,10,1,2,-,903,他の理美容用品,2586
583,5,10,1,2,904-915,-,石けん類・化粧品,55728
584,6,10,1,2,904-915,904,浴用・洗顔石けん,7505
585,6,10,1,2,904-915,905,シャンプー,4367
586,6,10,1,2,904-915,908,ヘアコンディショナー,3168
587,6,10,1,2,904-915,906,歯磨き,4080
588,6,10,1,2,904-915,907,整髪・養毛剤,3043
589,6,10,1,2,904-915,909,化粧クリーム,4471
590,6,10,1,2,904-915,910,化粧水,4175
591,6,10,1,2,904-915,914,乳液,1860
592,6,10,1,2,904-915,911,ファンデーション,2312
593,6,10,1,2,904-915,912,口紅,1069
594,6,10,1,2,904-915,915,ヘアカラーリング剤,1546
595,6,10,1,2,904-915,913,他の化粧品,18132
596,4,10,1,3,-,-,身の回り用品,23999
597,5,10,1,3,-,920,傘,1214
598,5,10,1,3,924-927,-,かばん類,10451
599,6,10,1,3,924-927,924,ハンドバッグ,3906
600,6,10,1,3,924-927,925,通学用かばん,1056
601,6,10,1,3,924-927,926,旅行用かばん,957
602,6,10,1,3,924-927,927,他のバッグ,4532
603,5,10,1,3,-,928,アクセサリー,4554
604,5,10,1,3,-,930,腕時計,1253
605,5,10,1,3,-,932,他の身の回り用品,6034
606,5,10,1,3,-,935,身の回り用品関連サービス,493
607,4,10,1,4,-,940,たばこ,14222
608,4,10,1,5,-,-,他の諸雑費,175222
609,5,10,1,5,-,950,信仰・祭祀費,16402
610,5,10,1,5,-,955,祭具・墓石,2469
611,5,10,1,5,-,956,婚礼関係費,3214
612,5,10,1,5,-,957,葬儀関係費,13270
613,5,10,1,5,-,958,他の冠婚葬祭費,1757
614,5,10,1,5,-,95X,医療保険料,23077
615,5,10,1,5,-,952,他の非貯蓄型保険料,75566
616,5,10,1,5,-,953,寄付金,10556
617,5,10,1,5,-,954,保育費用,9403
618,5,10,1,5,-,951,介護サービス,7678
619,5,10,1,5,-,959,他の諸雑費のその他,11829
620,3,10,2,-,-,-,こづかい(使途不明),68928
621,4,10,2,-,-,960,世帯主こづかい,52479
622,4,10,2,-,-,961,他のこづかい,16449
623,3,10,3,-,-,-,交際費,111052
624,4,10,3,6,-,970,贈与金,76089
625,4,10,3,7,-,-,他の交際費,34963
626,5,10,3,7,-,971,つきあい費,4662
627,5,10,3,7,-,973,住宅関係負担費,21066
628,5,10,3,7,-,972,他の負担費,9235
629,3,10,4,-,-,-,仕送り金,66270
630,4,10,4,-,-,980,国内遊学仕送り金,49155
631,4,10,4,-,-,981,他の仕送り金,17115
632,-,-,-,-,-,-,財・サービス支出計,3521756
633,-,-,-,-,-,-,財(商品),2105234
634,-,-,-,-,-,-,耐久財,271947
635,-,-,-,-,-,-,半耐久財,271726
636,-,-,-,-,-,-,非耐久財,1561561
637,-,-,-,-,-,-,サービス,1416522
638,-,-,-,-,-,-,食料(財・サービス),1138736
639,-,-,-,-,-,-,非耐久財(食料),939977
640,-,-,-,-,-,-,サービス(食料),198759
641,-,-,-,-,-,-,住居(財・サービス),224139
642,-,-,-,-,-,-,耐久財(住居),38491
643,-,-,-,-,-,-,半耐久財(住居),4424
644,-,-,-,-,-,-,サービス(住居),181225
645,-,-,-,-,-,-,家具・家事用品(財・サービス),156818
646,-,-,-,-,-,-,耐久財(家具・家事用品),58800
647,-,-,-,-,-,-,半耐久財(家具・家事用品),41009
648,-,-,-,-,-,-,非耐久財(家具・家事用品),45622
649,-,-,-,-,-,-,サービス(家具・家事用品),11387
650,-,-,-,-,-,-,被服及び履物(財・サービス),120761
651,-,-,-,-,-,-,半耐久財(被服及び履物),113783
652,-,-,-,-,-,-,サービス(被服及び履物),6978
653,-,-,-,-,-,-,保健医療(財・サービス),190352
654,-,-,-,-,-,-,耐久財(保健医療),12142
655,-,-,-,-,-,-,半耐久財(保健医療),6459
656,-,-,-,-,-,-,非耐久財(保健医療),64289
657,-,-,-,-,-,-,サービス(保健医療),107462
658,-,-,-,-,-,-,交通・通信(財・サービス),548754
659,-,-,-,-,-,-,耐久財(交通・通信),126794
660,-,-,-,-,-,-,半耐久財(交通・通信),36409
661,-,-,-,-,-,-,非耐久財(交通・通信),72474
662,-,-,-,-,-,-,サービス(交通・通信),313076
663,-,-,-,-,-,-,教育(財・サービス),143269
664,-,-,-,-,-,-,非耐久財(教育),2151
665,-,-,-,-,-,-,サービス(教育),141118
666,-,-,-,-,-,-,教養娯楽(財・サービス),385496
667,-,-,-,-,-,-,耐久財(教養娯楽),29093
668,-,-,-,-,-,-,半耐久財(教養娯楽),44803
669,-,-,-,-,-,-,非耐久財(教養娯楽),70411
670,-,-,-,-,-,-,サービス(教養娯楽),241189
671,-,-,-,-,-,-,諸雑費(財・サービス),318869
672,-,-,-,-,-,-,耐久財(諸雑費),6628
673,-,-,-,-,-,-,半耐久財(諸雑費),24839
674,-,-,-,-,-,-,非耐久財(諸雑費),72074
675,-,-,-,-,-,-,サービス(諸雑費),215328
676,-,-,-,-,-,-,調整集計世帯数,616043
677,-,-,-,-,-,-,教養娯楽関係費,418397
678,-,-,-,-,-,-,耐久財(教養娯楽関係費),29517
679,-,-,-,-,-,-,他の教養娯楽関係費,388880
680,-,-,-,-,-,-,読書,34923
681,-,-,-,-,-,-,聴視・観覧,36790
682,-,-,-,-,-,-,旅行,112774
683,-,-,-,-,-,-,スポーツ,36360
684,-,-,-,-,-,-,月謝,27554
685,-,-,-,-,-,-,会費・つきあい費,6914
686,-,-,-,-,-,-,その他の教養娯楽,133566
687,-,-,-,-,-,-,消費支出(再掲),3768007
688,-,-,-,-,-,-,基礎的支出,2141647
689,-,-,-,-,-,-,選択的支出,1626360
