二人以上の世帯_支出金額[円],,,,,,1,2,3,4,5,6,7,8,9,10,11,12,13,14,15,16,17,18,19,20,21,22,23,24,25,26
,,,,,,2000年,2001年,2002年,2003年,2004年,2005年,2006年,2007年,2008年,2009年,2010年,2011年,2012年,2013年,2014年,2015年,2016年,2017年,2018年,2019年,2020年,2021年,2022年,2023年,2024年,2025年
表側連番,階層,大分類,中分類,小分類,品目分類,(平成12年),(平成13年),(平成14年),(平成15年),(平成16年),(平成17年),(平成18年),(平成19年),(平成20年),(平成21年),(平成22年),(平成23年),(平成24年),(平成25年),(平成26年),(平成27年),(平成28年),(平成29年),(平成30年),(令和元年),(令和２年),(令和３年),(令和４年),(令和５年),(令和６年),(令和７年)
1,-,-,-,-,世帯数分布(抽出率調整),10000,10000,10000,10000,10000,10000,10000,10000,10000,10000,10000,10000,10000,10000,10000,10000,10000,10000,10000,10000,10000,10000,10000,10000,10000,10000
2,-,-,-,-,集計世帯数,7921,7913,7908,7912,7896,7891,7854,7830,7818,7828,7817,7676,7788,7784,7774,7772,7711,7708,7638,7522,7504,7424,7341,7259,7237,7261
3,-,-,-,-,世帯人員(人),3.31,3.28,3.24,3.22,3.19,3.17,3.16,3.14,3.13,3.11,3.09,3.08,3.07,3.05,3.03,3.02,2.99,2.98,2.98,2.97,2.95,2.93,2.91,2.9,2.88,2.87
4,-,-,-,-,18歳未満人員(人),0.74,0.71,0.7,0.68,0.68,0.64,0.65,0.64,0.64,0.65,0.63,0.62,0.6,0.59,0.59,0.57,0.56,0.55,0.56,0.58,0.56,0.55,0.54,0.54,0.54,0.52
5,-,-,-,-,65歳以上人員(人),0.53,0.57,0.58,0.59,0.59,0.62,0.63,0.67,0.65,0.66,0.68,0.69,0.72,0.76,0.78,0.82,0.84,0.86,0.83,0.82,0.85,0.85,0.84,0.86,0.85,0.86
6,-,-,-,-,うち無職者人員(人),0.42,0.44,0.46,0.47,0.47,0.49,0.51,0.54,0.53,0.53,0.55,0.57,0.59,0.61,0.63,0.64,0.66,0.68,0.66,0.66,0.67,0.67,0.67,0.67,0.67,0.67
7,-,-,-,-,有業人員(人),1.52,1.51,1.45,1.44,1.41,1.42,1.41,1.39,1.39,1.37,1.36,1.33,1.33,1.34,1.31,1.35,1.34,1.32,1.35,1.34,1.34,1.34,1.33,1.34,1.34,1.34
8,-,-,-,-,世帯主の年齢(歳),52.8,53.6,53.8,54,54.4,54.9,55.2,55.7,55.7,55.8,56.3,56.8,57.5,57.9,58.3,58.8,59.2,59.6,59.3,59.4,59.7,60.1,60.1,60.2,60.4,60.7
9,-,-,-,-,持家率(％),76.2,77.1,76.7,77.1,77.2,77.6,78.1,80.3,81.3,80.1,79.7,78.9,81.4,83.5,83.4,83.7,84.9,86.1,84.6,85.1,85.6,84.4,85.1,86.7,87.5,87.3
10,-,-,-,-,家賃・地代を支払っている世帯の割合(％),22.5,21.6,21.5,21.4,21.4,20.9,20.2,18.6,17.6,18.8,19,19.7,17.2,15.5,15.6,15.2,14.3,13.1,14.3,13.8,13.3,14.2,13.5,11.9,11.5,11.7
11,1,-,-,-,消費支出,3807937,3708649,3671438,3622095,3635703,3606377,3539316,3573382,3563187,3500848,3482930,3395587,3434026,3485454,3494322,3448482,3386257,3396330,3447782,3520547,3335114,3348287,3490383,3527961,3602915,3768007
12,2,1,-,-,食料,973680,945571,939218,919666,914712,902003,891439,901601,905557,896128,884768,872850,879402,895860,913261,937712,947618,946438,952170,965536,962373,952812,982661,1038653,1079228,1138736
13,3,1,1,-,穀類,90892,87290,85902,86779,86998,80572,78462,79069,82562,83009,79638,78837,79406,78027,76782,76650,76988,76520,77498,78421,82018,78595,78178,80694,89067,105698
14,4,1,1,1,米,40256,38293,36593,37256,37294,32896,30967,30679,31230,30495,28610,27425,28731,28093,25108,22981,23522,23681,24314,23212,23920,21862,19825,20397,27196,42739
15,4,1,1,2,パン,27512,26358,26750,27189,27610,26253,26559,27096,28220,28964,28177,28321,28282,27974,29210,30507,30294,29957,30554,32164,31456,31353,32497,33874,34609,34244
16,4,1,1,3,麺類,18771,18373,18389,18165,18053,16662,16292,16414,17985,18423,18047,18236,17563,17170,17295,17747,17606,17300,17368,17713,20602,19676,20112,20672,21214,22048
17,4,1,1,4,他の穀類,4354,4266,4169,4170,4041,4759,4643,4880,5127,5127,4804,4855,4831,4790,5169,5414,5566,5583,5261,5332,6039,5704,5744,5751,6047,6667
18,3,1,2,-,魚介類,110868,107090,104753,98897,95017,93041,91943,91763,88594,85917,82278,78754,77803,78739,79829,81337,79737,77297,74006,73862,77341,75035,73136,74978,74715,75515
19,4,1,2,1,生鮮魚介,67847,65056,64564,60487,57670,56018,55315,55007,52070,50337,47976,45350,44546,45117,45753,46454,45820,43649,41499,41387,43610,42610,40192,41059,40584,41089
20,4,1,2,2,塩干魚介,19876,19360,18741,18009,17293,17165,16955,16859,16671,15835,15210,14650,14343,14535,14588,14990,14554,14351,13676,13365,13890,13135,13024,13665,13558,13579
21,4,1,2,3,魚肉練製品,10425,10329,9601,9203,9098,8942,8850,9048,9399,9305,9000,8755,8801,8549,8722,9030,8736,8650,8233,8381,8602,8542,8908,9115,9307,9509
22,4,1,2,4,他の魚介加工品,12720,12345,11847,11198,10957,10915,10823,10850,10453,10440,10092,9999,10113,10538,10766,10862,10628,10647,10598,10729,11240,10747,11011,11138,11267,11338
23,3,1,3,-,肉類,81140,75363,74993,74187,74003,75369,75121,76917,80882,78976,76296,77369,75714,79327,85930,89367,89539,90795,90950,89365,99072,96776,96655,98457,99326,102244
24,4,1,3,1,生鮮肉,63164,58436,58543,57894,58243,59347,59053,60317,63675,61973,59543,60218,58729,61968,67781,71000,71534,72902,73519,71535,79947,78229,78259,79811,80658,83265
25,4,1,3,2,加工肉,17976,16927,16450,16293,15760,16022,16068,16600,17207,17004,16754,17150,16984,17360,18149,18367,18005,17893,17431,17830,19126,18547,18396,18645,18668,18978
26,3,1,4,-,乳卵類,45407,43068,43731,42361,41054,41279,39861,39049,39234,39583,39422,39102,40172,40723,42521,43744,45857,45847,45696,46006,49516,48583,47817,52096,52004,55338
27,4,1,4,1,牛乳,22028,20773,20739,20610,19818,18862,17987,17237,16589,16571,16303,15447,15265,15212,15175,15434,15519,15300,14950,15174,15895,14959,15001,15726,15908,15875
28,4,1,4,2,乳製品,14382,13718,14408,13694,13369,13542,13488,13447,13828,14465,14726,15043,16711,17311,18342,19163,20918,21096,21309,21659,23478,23295,22535,23364,24166,25318
29,4,1,4,3,卵,8997,8576,8583,8057,7867,8876,8386,8364,8817,8547,8393,8611,8195,8200,9003,9146,9419,9451,9437,9172,10142,10328,10281,13007,11930,14145
30,3,1,5,-,野菜・海藻,112206,110227,108601,107255,107137,103725,103269,102518,102250,100796,101746,99747,99022,100915,102892,107515,109100,107392,108540,103533,112230,106807,105908,107744,112081,116581
31,4,1,5,1,生鮮野菜,67727,66610,65495,65349,65694,63293,63942,63629,63932,63529,65665,64233,64299,66297,67879,71816,72877,71254,72285,67901,74996,71138,70843,71517,74923,78166
32,4,1,5,2,乾物・海藻,10729,10734,10550,10449,10249,10540,9917,9597,9426,9319,9035,8758,8602,8629,8842,9050,9268,9178,9271,9147,9443,8830,8679,8846,9269,9791
33,4,1,5,3,大豆加工品,15645,15305,15471,15144,15118,14476,14410,14398,14205,13765,13270,12883,12685,12815,12830,13304,13419,13291,13358,13191,13880,13235,13039,13685,13957,14375
34,4,1,5,4,他の野菜・海藻加工品,18105,17579,17084,16313,16076,15416,15000,14894,14686,14182,13777,13874,13436,13174,13340,13345,13536,13669,13626,13294,13911,13604,13347,13696,13933,14248
35,3,1,6,-,果物,44647,44100,43018,39915,40135,39213,37305,39063,37755,36953,36412,35758,36959,36602,37524,38919,39697,39119,38285,39032,40630,40628,40013,41374,42660,44742
36,4,1,6,1,生鮮果物,42544,42025,41058,37949,38266,37312,35468,37298,36117,35203,34582,33833,34832,34322,34962,36141,36845,36052,35061,35742,36957,36942,36445,37696,38915,40766
37,4,1,6,2,果物加工品,2103,2075,1959,1965,1870,1900,1837,1765,1638,1750,1830,1925,2127,2280,2562,2778,2852,3066,3224,3290,3673,3686,3569,3678,3745,3976
38,3,1,7,-,油脂・調味料,40637,39404,39493,39211,39190,38544,38254,38769,40561,40906,39955,40250,40147,39994,41027,42507,42880,43170,43444,43649,47749,46701,46849,47644,49191,50652
39,4,1,7,1,油脂,4314,4168,4232,4129,4259,4181,4057,4202,4733,4480,4097,3998,4014,4131,4316,4990,4631,4593,4530,4725,5122,5013,5487,5433,5597,5377
40,4,1,7,2,調味料,36323,35236,35261,35082,34930,34364,34197,34567,35828,36426,35858,36252,36134,35862,36711,37517,38249,38577,38914,38923,42627,41689,41362,42210,43594,45274
41,3,1,8,-,菓子類,78532,77809,77271,76543,75500,74834,75463,76160,78970,80402,78861,76801,77779,78948,80127,83027,83472,83087,83916,87469,85534,88195,94373,99520,104417,110527
42,3,1,9,-,調理食品,99691,101421,100221,101021,99578,101044,101904,100909,98566,98470,99866,101930,104615,105033,108066,112625,118296,120000,122930,128386,132494,139876,145163,151880,155977,162964
43,4,1,9,1,主食的調理食品,38220,39348,39605,39779,39738,40754,40966,41099,41193,40680,40954,42617,43558,44240,44976,46959,49476,49769,50926,53911,55424,59326,62042,65269,67317,70269
44,4,1,9,2,他の調理食品,61471,62073,60616,61242,59840,60290,60938,59810,57373,57791,58913,59313,61057,60793,63090,65666,68820,70231,72004,74475,77070,80549,83121,86612,88659,92695
45,3,1,10,-,飲料,46237,45805,45930,45437,46738,47398,46705,47653,46218,46313,47270,48598,49548,50242,49783,51096,53074,53589,55008,58174,59788,60962,62539,64928,67225,70311
46,4,1,10,1,茶類,13278,13340,13198,13153,13273,13340,13027,13203,12895,12638,12525,12487,12377,12555,12320,12284,12887,12852,13253,13948,13921,13818,13683,13954,14442,14715
47,4,1,10,2,コーヒー・ココア,8673,8403,8523,8592,8414,8498,8748,8754,8829,9162,9115,9320,9364,9836,10233,11099,11275,11267,11129,11771,12195,12550,12819,13282,13908,16348
48,4,1,10,3,他の飲料,24285,24062,24210,23692,25052,25560,24931,25696,24494,24513,25629,26791,27807,27851,27230,27712,28913,29470,30626,32455,33672,34594,36037,37692,38874,39248
49,3,1,11,-,酒類,49994,48052,47502,46400,46011,45671,43476,44872,45071,43488,42792,41156,40569,42064,42041,41300,40909,40977,40329,40721,46276,45230,44375,45700,44967,45406
50,3,1,12,-,外食,173430,165943,167804,161659,163349,161312,159675,164860,164893,161314,160230,154549,157668,165246,166737,169626,168067,168646,171571,176917,129726,125423,147655,173639,187598,198759
51,4,1,12,1,一般外食,160088,152939,155329,150005,151184,149920,148112,152817,153556,149097,148183,142976,146359,154533,155988,159167,158011,158690,161488,166712,120921,115296,138066,165149,179992,191587
52,4,1,12,2,学校給食,13342,13004,12475,11654,12165,11392,11563,12043,11338,12217,12048,11573,11309,10714,10749,10459,10056,9955,10082,10205,8805,10128,9589,8490,7606,7172
53,2,2,-,-,住居,246334,236217,239593,240454,230797,231145,217444,215332,202858,204356,218300,226547,218888,219354,215349,215278,200182,198771,203041,205235,208488,220051,223819,216153,217054,224139
54,3,2,1,-,家賃地代,138445,131006,130277,133206,132396,131066,129294,122336,112641,118431,121955,126870,116692,107247,105569,106195,99841,93814,101818,97141,98161,104914,103160,95539,96652,97134
55,3,2,2,-,設備修繕・維持,107890,105212,109315,107248,98401,100079,88150,92996,90217,85925,96346,99677,102195,112107,109780,109082,100341,104957,101224,108093,110327,115137,120659,120615,120401,127006
56,4,2,2,1,設備材料,23042,21424,28388,32567,30840,30465,32424,30676,30855,26089,27947,36221,33243,36087,33971,31564,34251,30975,31914,33123,37105,39347,39244,44000,46779,42915
57,4,2,2,2,工事その他のサービス,84848,83788,80928,74682,67561,69614,55726,62320,59363,59835,68398,63456,68952,76019,75808,77518,66090,73982,69310,74971,73222,75790,81414,76615,73623,84091
58,2,3,-,-,光熱・水道,259546,258353,254067,251066,252143,257940,267346,261232,273156,260229,263423,263466,273793,278897,285604,278372,254127,258427,264237,263408,262034,258371,294292,286262,277332,294563
59,3,3,1,-,電気代,116180,112948,112618,108912,111627,110603,113545,111014,117410,115758,118204,115092,122382,128086,134441,132715,121196,123739,129175,129905,128050,123804,152138,147180,144092,158622
60,3,3,2,-,ガス代,70660,70444,68508,69221,66431,66786,69236,68177,71647,68431,66171,65390,67925,66948,68510,67918,58768,56698,57118,58230,56747,55778,62788,62508,56937,58588
61,3,3,3,-,他の光熱,15194,16923,14187,14604,14068,19947,23731,20955,23519,15762,18461,22020,22514,22012,21251,15082,12022,15607,16690,14749,14178,13849,16879,15300,15205,16552
62,3,3,4,-,上下水道料,57512,58039,58754,58329,60018,60603,60834,61087,60580,60279,60587,60964,60972,61852,61402,62657,62141,62384,61253,60524,63058,64940,62487,61274,61099,60800
63,2,4,-,-,家具・家事用品,139148,141453,132398,129177,124814,125104,121201,120865,124285,124173,126895,124775,125361,127189,131744,128729,127355,129948,133127,140598,152497,145207,148679,148502,153459,156818
64,3,4,1,-,家庭用耐久財,43968,48205,41908,40795,39446,40303,38449,37473,39304,40028,44584,40051,38997,42217,43764,41199,40192,42277,45017,48512,52610,48200,51258,50350,51924,53089
65,4,4,1,1,家事用耐久財,21495,22753,20517,20121,20989,20906,21013,20648,20752,21641,23411,21059,19373,20690,22854,20868,20235,22183,22917,25208,27420,25661,26007,25405,24877,26030
66,4,4,1,2,冷暖房用器具,13236,14769,12639,11563,10605,11814,10692,10300,11747,11754,15127,13123,13657,15322,14065,13916,13923,13417,15871,16619,17550,16910,18250,18329,20678,20266
67,4,4,1,3,一般家具,9236,10683,8753,9112,7853,7582,6743,6525,6806,6633,6046,5870,5966,6204,6845,6414,6034,6676,6229,6685,7640,5629,7002,6616,6368,6793
68,3,4,2,-,室内装備・装飾品,14175,13843,13724,12703,12128,12127,10650,10685,10309,9852,8596,9270,10875,9760,9587,9911,9115,8953,7649,7915,7898,8227,8879,9125,6945,7213
69,3,4,3,-,寝具類,11761,11754,10181,10419,9877,10316,9756,9336,9339,8443,8684,9272,9732,9286,10420,9876,9329,9057,10027,9981,10721,10032,9371,9246,10183,9982
70,3,4,4,-,家事雑貨,30122,29053,28806,26987,25646,25848,25092,25711,26264,26224,25709,26210,26383,25392,25735,26187,25498,26001,26314,27346,28486,28174,28112,27319,28616,29525
71,3,4,5,-,家事用消耗品,26829,26140,26082,27032,25939,25667,26149,26877,27668,28222,27854,28859,28835,29916,31543,31624,33192,33535,34266,36593,42119,40683,41057,41995,44763,45622
72,3,4,6,-,家事サービス,12292,12457,11696,11241,11778,10842,11104,10784,11401,11403,11468,11112,10539,10618,10694,9932,10028,10125,9854,10250,10663,9892,10001,10467,11029,11387
73,2,5,-,-,被服及び履物,206742,192605,185982,177083,171777,169921,163107,164874,159505,152923,146350,144723,145775,149555,152642,144985,138068,137673,136613,135677,110097,108751,113921,115726,119822,120761
74,3,5,1,-,和服,9394,8212,6251,6930,6821,6286,4670,4792,4175,4005,3261,3669,3215,2486,3116,2506,1770,2622,1891,1861,1395,2066,1801,1020,2049,1699
75,3,5,2,-,洋服,80243,75814,73027,69938,66571,64825,64408,65126,62737,59255,57383,54985,55695,58973,59525,57095,54067,54118,55300,54973,43886,42610,44770,45238,46959,46414
76,4,5,2,1,男性用洋服,25040,23784,22733,22201,20685,20977,20125,21072,19293,17560,17788,16473,17168,17863,18467,17082,16818,17249,17458,17377,13346,13602,14421,15101,16122,16590
77,4,5,2,2,女性用洋服,44517,41899,40718,38211,36620,35506,35312,35413,34759,33453,31727,30492,30634,33302,32816,32397,29844,29478,30603,30424,24043,23244,24607,24557,25074,24031
78,4,5,2,3,子供用洋服,10686,10130,9576,9526,9266,8342,8972,8641,8685,8242,7868,8020,7893,7808,8242,7616,7405,7391,7239,7173,6497,5764,5741,5580,5763,5793
79,3,5,3,-,シャツ・セーター類,42174,38913,38089,36807,37366,36773,34441,34772,33115,31302,29904,30433,30465,31695,31866,30379,28859,28087,26951,26822,21256,21593,22840,23938,24208,25071
80,4,5,3,1,男性用シャツ・セーター類,13170,12238,11700,11262,11353,11372,10671,10663,10108,9577,9139,9318,9214,9657,9813,9217,8902,8738,8265,8515,6681,6821,7208,7925,7915,8670
81,4,5,3,2,女性用シャツ・セーター類,25191,23229,23163,22245,22688,22117,20552,21196,20003,18979,18243,18576,18846,19484,19484,18728,17633,16972,16357,15997,12461,12855,13645,13972,14258,14289
82,4,5,3,3,子供用シャツ・セーター類,3813,3446,3226,3300,3325,3283,3217,2913,3004,2745,2523,2539,2404,2554,2569,2434,2324,2377,2329,2310,2114,1916,1986,2042,2035,2112
83,3,5,4,-,下着類,19042,17325,17303,16252,15426,15965,15140,14819,14477,14027,13630,13962,13821,13575,13925,12787,12809,12749,12770,12681,11458,11395,11140,11277,11662,12041
84,4,5,4,1,男性用下着類,6239,5736,5643,5211,4881,5157,4827,4801,4716,4558,4473,4636,4696,4639,4593,4203,4279,4192,3981,3836,3433,3505,3377,3469,3558,3668
85,4,5,4,2,女性用下着類,10448,9503,9583,9199,8828,9054,8614,8399,8169,7890,7598,7748,7623,7418,7746,7063,6988,7048,7188,7251,6546,6554,6455,6467,6767,6972
86,4,5,4,3,子供用下着類,2355,2086,2077,1841,1717,1754,1699,1619,1592,1579,1558,1577,1502,1518,1586,1521,1542,1510,1602,1594,1479,1336,1308,1341,1338,1401
87,3,5,5,-,生地・糸類,3546,3262,2824,2594,2205,2132,2187,2310,1992,1974,1757,1717,1811,1614,1749,1554,1473,1588,1440,1411,1682,1299,1149,1079,1015,928
88,3,5,6,-,他の被服,15549,14835,13946,13164,12797,13179,12587,12842,12882,12817,12121,12232,12642,12640,12796,11961,10865,11053,11103,10847,8942,8767,9306,9482,9543,9662
89,3,5,7,-,履物類,21812,20777,21022,19047,18365,19022,18407,18983,19007,19226,18378,18309,18460,19559,20397,19857,19336,18902,18711,18711,14781,14821,15894,16954,17271,17969
90,3,5,8,-,被服関連サービス,14982,13468,13520,12353,12225,11739,11267,11231,11119,10318,9916,9416,9666,9014,9267,8846,8890,8554,8446,8369,6697,6200,7022,6738,7114,6978
91,2,6,-,-,保健医療,137732,140785,140675,150593,148002,157447,154845,158546,152940,157544,151227,153643,154390,154196,155354,153126,155705,155449,159937,168124,171554,171768,177563,176733,184178,190352
92,3,6,1,-,医薬品,23614,23608,24388,23837,22355,22192,21179,20884,21162,25123,27722,28289,28533,28051,27957,28754,28828,29269,28606,31027,31829,30969,31699,32045,33056,34106
93,3,6,2,-,健康保持用摂取品,8232,11358,10498,13253,15041,17060,14071,13589,13372,12968,14524,13967,14558,14960,14237,14182,15333,14950,14492,13335,14427,13763,13598,13573,12357,13175
94,3,6,3,-,保健医療用品・器具,29096,26790,25426,27273,26205,27201,25978,25733,26671,27163,25822,25553,25952,26354,27353,25276,25553,26355,27206,30197,36264,33743,35311,32877,34480,35609
95,3,6,4,-,保健医療サービス,76790,79029,80363,86230,84402,90994,93617,98340,91736,92290,83159,85834,85348,84830,85807,84915,85989,84875,89633,93565,89034,93293,96954,98239,104285,107462
96,2,7,-,-,交通・通信,438748,440263,441449,451081,469820,466183,456161,459123,471901,458842,469408,439960,482988,499444,505215,485079,470775,478561,507162,525768,479658,477338,498416,514053,500766,548754
97,3,7,1,-,交通,83513,80802,78131,77199,79272,77344,72531,72483,71376,68323,64086,61466,66508,68525,66238,68017,64898,65678,66895,73217,37502,40417,52860,63882,63936,68431
98,3,7,2,-,自動車等関係費,240842,239525,236695,239644,254029,253764,244185,245395,257464,246695,261165,235326,272111,285431,289502,263629,248353,253574,279422,289359,280375,277431,294379,303795,295476,340255
99,4,7,2,1,自動車等購入,78697,79332,68630,70898,81602,67422,57116,57112,60113,67112,71304,51152,76570,84607,87909,75429,72755,70348,78612,82371,88533,76460,81615,87105,82286,111749
100,4,7,2,2,自転車購入,3580,2697,2824,2730,2672,2450,2568,2955,2843,3066,3083,3062,3103,3385,3538,3382,3685,3988,3543,4268,4078,4168,4582,4310,3838,4168
101,4,7,2,3,自動車等維持,158564,157495,165241,166016,169755,183891,184500,185328,194508,176516,186777,181112,192437,197439,198055,184817,171914,179239,197267,202721,187763,196803,208182,212381,209351,224338
102,3,7,3,-,通信,114393,119936,126623,134238,136519,135075,139445,141246,143061,143825,144157,143168,144370,145489,149475,153433,157523,159309,160845,163191,161781,159490,151176,146376,141354,140068
103,2,8,-,-,教育,167089,155231,154285,156189,158781,149746,151825,153008,152757,154923,140822,139609,139350,138483,131262,131964,135746,132801,141451,137937,123514,142854,137262,125378,140462,143269
104,3,8,1,-,授業料等,124925,118137,117865,120944,120813,115284,114957,118028,117864,118041,105274,104130,103327,102071,96286,98382,103052,99038,106283,103466,88562,107083,100482,94285,105883,109781
105,3,8,2,-,教科書・学習参考教材,4443,4005,4055,3622,3642,3789,3428,3088,3331,3334,2913,3046,2703,2626,2466,2658,2539,2264,2173,2672,2604,2613,2585,2335,2424,2151
106,3,8,3,-,補習教育,37722,33089,32365,31623,34326,30673,33440,31893,31562,33548,32635,32433,33320,33786,32510,30923,30154,31499,32995,31799,32348,33158,34196,28759,32155,31338
107,2,9,-,-,教養娯楽,403055,394016,387733,376213,388807,384890,378703,390108,395487,393079,400153,364711,358947,364329,366514,357889,354341,352292,349000,368150,299844,303027,331425,357181,362877,385496
108,3,9,1,-,教養娯楽用耐久財,42622,41706,38113,35373,36665,39824,39340,41670,42150,48162,57881,37468,23210,22092,25418,20479,20600,20975,20831,24708,28844,28516,25226,24699,25549,30062
109,3,9,2,-,教養娯楽用品,91549,89393,87937,84872,83349,81424,82821,84325,84856,84530,81570,78220,78022,80632,81420,81216,79607,79781,81535,85397,84425,84037,86101,87977,88743,95219
110,3,9,3,-,書籍・他の印刷物,54742,53873,56603,55386,55463,54821,52865,52015,51638,50888,49543,48397,47625,46722,45862,44727,43223,41835,40506,40559,39692,39521,37337,36669,35647,34923
111,3,9,4,-,教養娯楽サービス,214142,209045,205080,200581,213330,208822,203676,212098,216844,209499,211159,200625,210090,214884,213815,211467,210912,209701,206128,217485,146882,150953,182760,207836,212938,225291
112,4,9,4,1,宿泊料,22036,20264,21348,21448,21405,20469,19996,20903,21898,20253,20528,20225,20870,22519,23169,24110,23235,23257,23927,26810,12581,14723,23667,30361,34349,35994
113,4,9,4,2,パック旅行費,70794,66103,59834,54251,60301,59415,58223,59041,58828,53144,54360,47813,51653,54797,53280,50119,46908,46322,43760,45999,12660,8105,19714,30433,32744,38290
114,4,9,4,3,月謝類,43847,44941,42713,41941,43150,40531,37477,39737,37969,38076,38436,36586,38124,37262,36324,37036,35557,35805,35272,36280,28380,30709,33186,32436,31919,31661
115,4,9,4,4,他の教養娯楽サービス,77465,77737,81185,82941,88474,88407,87980,92417,98149,98027,97835,96002,99443,100306,101042,100201,105213,104318,103170,108397,93260,97417,106194,114606,113925,119346
116,2,10,-,-,その他の消費支出,835862,804154,796039,770573,776049,761997,737245,748691,724741,698650,681584,665304,655133,658147,637378,615348,602341,605970,601043,610115,565055,568108,582345,549318,567737,565120
117,3,10,1,-,諸雑費,239095,236118,252278,246591,253475,266682,256227,277280,273961,275762,275842,271853,276656,287416,290311,280309,280739,285454,283600,289712,285815,290930,307883,300031,309739,318869
118,4,10,1,1,理美容サービス,37714,36570,36926,36438,36393,35881,35827,36258,35903,35189,34961,34405,35671,35938,36588,36647,36450,36137,35667,37589,34111,35715,36945,38703,40046,42082
119,4,10,1,2,理美容用品,44713,43122,45796,45540,45062,46953,45335,47266,47955,48417,49599,49763,50318,51788,51385,50897,51365,52041,53248,56755,56098,55685,56904,58815,61489,63344
120,4,10,1,3,身の回り用品,27555,26938,26602,24977,24345,25756,24286,25614,23691,23607,22591,21044,21910,24760,24740,23654,22028,22758,21498,23721,20161,19313,21172,21256,24114,23999
121,4,10,1,4,たばこ,14465,13641,13066,13033,12360,12780,12195,12347,12549,12001,12121,12455,12637,12593,12073,11836,11701,10197,10855,11883,13268,14271,14315,13722,13456,14222
122,4,10,1,5,他の諸雑費,114649,115847,129889,126602,135314,145312,138584,155794,153863,156548,156570,154187,156120,162338,165525,157275,159195,164322,162332,159764,162178,165946,178547,167534,170634,175222
123,3,10,2,-,こづかい(使途不明),259812,241845,228103,217954,210336,204255,191876,182464,177053,161664,155605,147644,136465,133136,124416,116845,109730,107908,106188,111665,97302,84931,79678,70675,70409,68928
124,3,10,3,-,交際費,224907,222926,218942,214018,213214,201107,195012,205397,192794,185122,174374,174995,171093,166914,154052,151026,144289,144958,141499,142851,119320,117894,122938,121509,119730,111052
125,4,10,3,6,贈与金,178835,178498,174451,167335,164852,155420,154119,161463,150831,142475,131906,135103,131534,130902,120382,118084,112017,112152,101879,102003,77792,75784,84039,82736,82364,76089
126,4,10,3,7,他の交際費,46072,44427,44491,46683,48362,45687,40893,43934,41964,42647,42469,39893,39559,36012,33670,32942,32273,32806,39621,40849,41527,42110,38898,38773,37366,34963
127,3,10,4,-,仕送り金,112048,103265,96716,92010,99025,89953,94131,83550,80932,76102,75763,70812,70918,70681,68599,67168,67583,67650,69756,65887,62618,74352,71846,57104,67859,66270
128,-,-,-,-,財・サービス支出計,3211169,3140613,3127678,3098113,3113128,3111061,3058298,3101970,3112408,3077960,3077188,3002136,3055550,3114723,3147255,3113443,3064654,3075814,3130339,3200144,3055873,3071109,3215921,3278674,3344917,3521756
129,-,-,-,-,財(商品),1899533,1859037,1828470,1805933,1797475,1790571,1762539,1770060,1798108,1765572,1778067,1731392,1761113,1804039,1835411,1797711,1762906,1768087,1802236,1842839,1874124,1852885,1924957,1963006,1988026,2105234
130,-,-,-,-,耐久財,220300,220998,206683,207418,211772,206878,188993,192506,196680,207213,226113,188863,198013,212536,217683,195686,193670,190876,202331,218808,233489,221669,230597,238853,237287,271947
131,-,-,-,-,半耐久財,340252,322256,315205,304276,297917,296678,287450,290230,287534,276664,269661,264419,270296,277982,281845,272433,260614,262662,266411,273837,247676,247052,252286,258161,263412,271726
132,-,-,-,-,非耐久財,1338981,1315783,1306582,1294239,1287785,1287015,1286097,1287324,1313894,1281695,1282294,1278110,1292804,1313521,1335884,1329593,1308623,1314549,1333494,1350194,1392958,1384163,1442074,1465993,1487328,1561561
133,-,-,-,-,サービス,1311637,1281576,1299208,1292180,1315653,1320491,1295758,1331910,1314300,1312387,1299121,1270744,1294437,1310685,1311844,1315732,1301748,1307727,1328103,1357305,1181749,1218224,1290963,1315668,1356890,1416522
134,-,-,-,-,食料(財・サービス),973680,945571,939218,919666,914712,902003,891439,901601,905557,896128,884768,872850,879402,895860,913261,937712,947618,946438,952170,965536,962373,952812,982661,1038653,1079228,1138736
135,-,-,-,-,非耐久財(食料),800250,779627,771414,758008,751362,740690,731764,736741,740664,734814,724538,718301,721733,730614,746523,768086,779550,777792,780600,788620,832647,827388,835006,865014,891630,939977
136,-,-,-,-,サービス(食料),173430,165943,167804,161659,163349,161312,159675,164860,164893,161314,160230,154549,157668,165246,166737,169626,168067,168646,171571,176917,129726,125423,147655,173639,187598,198759
137,-,-,-,-,住居(財・サービス),246334,236217,239593,240454,230797,231145,217444,215332,202858,204356,218300,226547,218888,219354,215349,215278,200182,198771,203041,205235,208488,220051,223819,216153,217054,224139
138,-,-,-,-,耐久財(住居),18842,16663,22313,25444,23161,24328,24501,24716,24434,21646,23069,30871,28918,30517,29125,27309,30329,26806,27343,28047,31787,33694,33765,38412,41112,38491
139,-,-,-,-,半耐久財(住居),4200,4761,6075,7122,7679,6137,7923,5960,6421,4443,4879,5351,4325,5570,4846,4255,3922,4169,4570,5075,5318,5653,5479,5588,5666,4424
140,-,-,-,-,サービス(住居),223293,214793,211205,207887,199957,200680,185020,184656,172003,178267,190353,190325,185645,183267,181378,183714,165931,167796,171128,172112,171383,180704,184575,172153,170275,181225
141,-,-,-,-,家具・家事用品(財・サービス),139148,141453,132398,129177,124814,125104,121201,120865,124285,124173,126895,124775,125361,127189,131744,128729,127355,129948,133127,140598,152497,145207,148679,148502,153459,156818
142,-,-,-,-,耐久財(家具・家事用品),54766,59009,52549,50013,48449,49646,46704,45428,47220,47867,51353,46825,47322,49667,51624,48811,47094,48979,50849,54926,59335,54616,58503,57923,57522,58800
143,-,-,-,-,半耐久財(家具・家事用品),45262,43847,42072,40891,38648,38949,37243,37777,37996,36680,36220,37979,38664,36987,37881,38361,37040,37308,38158,38829,40379,40017,39117,38118,40146,41009
144,-,-,-,-,非耐久財(家具・家事用品),26829,26140,26082,27032,25939,25667,26149,26877,27668,28222,27854,28859,28835,29916,31543,31624,33192,33535,34266,36593,42119,40683,41057,41995,44763,45622
145,-,-,-,-,サービス(家具・家事用品),12292,12457,11696,11241,11778,10842,11104,10784,11401,11403,11468,11112,10539,10618,10694,9932,10028,10125,9854,10250,10663,9892,10001,10467,11029,11387
146,-,-,-,-,被服及び履物(財・サービス),206742,192605,185982,177083,171777,169921,163107,164874,159505,152923,146350,144723,145775,149555,152642,144985,138068,137673,136613,135677,110097,108751,113921,115726,119822,120761
147,-,-,-,-,半耐久財(被服及び履物),191760,179137,172462,164731,159553,158182,151840,153644,148385,142605,136434,135307,136109,140542,143374,136139,129178,129119,128167,127307,103400,102551,106899,108988,112708,113783
148,-,-,-,-,サービス(被服及び履物),14982,13468,13520,12353,12225,11739,11267,11231,11119,10318,9916,9416,9666,9014,9267,8846,8890,8554,8446,8369,6697,6200,7022,6738,7114,6978
149,-,-,-,-,保健医療(財・サービス),137732,140785,140675,150593,148002,157447,154845,158546,152940,157544,151227,153643,154390,154196,155354,153126,155705,155449,159937,168124,171554,171768,177563,176733,184178,190352
150,-,-,-,-,耐久財(保健医療),11677,10469,9672,10510,10618,11147,10627,10372,10247,9902,9920,9949,9638,10013,10388,9273,9633,9853,10213,11458,10241,10372,11460,10600,11208,12142
151,-,-,-,-,半耐久財(保健医療),5962,5331,5011,5593,5256,5468,4876,4775,5490,4987,5306,4677,5567,5393,5842,4857,4642,4917,5015,5651,5463,6169,5274,5295,6477,6459
152,-,-,-,-,非耐久財(保健医療),43304,45957,45628,48261,47727,49838,45725,45058,45468,50365,52842,53182,53837,53959,53317,54082,55440,55804,55077,57449,66817,61935,63875,62600,62208,64289
153,-,-,-,-,サービス(保健医療),76790,79029,80363,86230,84402,90994,93617,98340,91736,92290,83159,85834,85348,84830,85807,84915,85989,84875,89633,93565,89034,93293,96954,98239,104285,107462
154,-,-,-,-,交通・通信(財・サービス),438748,440263,441449,451081,469820,466183,456161,459123,471901,458842,469408,439960,482988,499444,505215,485079,470775,478561,507162,525768,479658,477338,498416,514053,500766,548754
155,-,-,-,-,耐久財(交通・通信),85704,85945,75005,77308,87346,72732,62382,63432,66154,73305,77840,57226,83050,91196,94728,81998,80024,78417,86695,92356,98265,87892,93844,100913,95836,126794
156,-,-,-,-,半耐久財(交通・通信),16866,15917,16570,16789,17975,19010,17932,18501,20958,21273,22489,20339,24024,25343,26046,23034,22445,23580,27339,30249,29648,30347,32306,34678,32165,36409
157,-,-,-,-,非耐久財(交通・通信),52426,52692,52823,55945,59216,64980,70631,71988,80443,61520,69127,71250,72013,76137,75553,62203,52569,58135,67322,66293,52096,59446,68908,70239,70887,72474
158,-,-,-,-,サービス(交通・通信),283752,285709,297051,301039,305284,309461,305217,305203,304346,302744,299953,291145,303902,306768,308889,317843,315737,318429,325806,336870,299649,299652,303358,308224,301878,313076
159,-,-,-,-,教育(財・サービス),167089,155231,154285,156189,158781,149746,151825,153008,152757,154923,140822,139609,139350,138483,131262,131964,135746,132801,141451,137937,123514,142854,137262,125378,140462,143269
160,-,-,-,-,非耐久財(教育),4443,4005,4055,3622,3642,3789,3428,3088,3331,3334,2913,3046,2703,2626,2466,2658,2539,2264,2173,2672,2604,2613,2585,2335,2424,2151
161,-,-,-,-,サービス(教育),162647,151226,150230,152567,155139,145957,148398,149920,149426,151589,137910,136563,136647,135857,128796,129305,133206,130537,139278,135265,120911,140241,134677,123044,138038,141118
162,-,-,-,-,教養娯楽(財・サービス),403055,394016,387733,376213,388807,384890,378703,390108,395487,393079,400153,364711,358947,364329,366514,357889,354341,352292,349000,368150,299844,303027,331425,357181,362877,385496
163,-,-,-,-,耐久財(教養娯楽),40534,39909,36421,33522,34739,38138,37550,40055,40405,46685,56336,36006,22115,20760,24112,19230,19540,19832,19812,23748,27949,27557,24357,23742,24858,29093
164,-,-,-,-,半耐久財(教養娯楽),49748,47806,47131,44395,44909,43845,43886,44265,44701,43353,41824,39384,39164,40206,39542,43360,41398,41097,41948,43823,43077,43538,42711,43218,41655,44803
165,-,-,-,-,非耐久財(教養娯楽),96376,95299,97255,95713,93703,87699,86651,86337,86339,86390,83521,81599,80820,80900,81107,73489,72033,70595,69450,70607,70033,68649,69737,69876,68836,70411
166,-,-,-,-,サービス(教養娯楽),216397,211002,206925,202583,215456,215209,210616,219451,224042,216652,218473,207722,216848,222463,221753,221809,221369,220767,217790,229971,158785,163283,194619,220345,227528,241189
167,-,-,-,-,諸雑費(財・サービス),239095,236118,252278,246591,253475,266682,256227,277280,273961,275762,275842,271853,276656,287416,290311,280309,280739,285454,283600,289712,285815,290930,307883,300031,309739,318869
168,-,-,-,-,耐久財(諸雑費),8779,9003,10722,10621,7459,10885,7228,8504,8219,7808,7596,7987,6970,10382,7705,9064,7049,6988,7419,8273,5912,7538,8667,7263,6751,6628
169,-,-,-,-,半耐久財(諸雑費),26455,25457,25884,24755,23899,25087,23751,25308,23583,23323,22509,21382,22443,23941,24314,22426,21988,22472,21214,22902,20392,18778,20500,22277,24594,24839
170,-,-,-,-,非耐久財(諸雑費),55806,53709,55257,54592,54053,56413,54404,56003,56825,56821,58077,58407,59069,60472,59769,59078,59171,57997,60369,64552,64609,65078,66614,67672,69248,72074
171,-,-,-,-,サービス(諸雑費),148055,147949,160414,156623,168064,174296,170845,187464,185333,187811,187660,184077,188173,192622,198523,189742,192530,197997,194598,193986,194902,199536,212102,202819,209146,215328
172,-,-,-,-,調整集計世帯数,733782,729267,724848,727706,726469,723846,719216,718122,715636,705361,704307,707221,703042,700235,692457,683805,677432,674034,671408,662947,651957,645841,638739,630687,622712,616043
173,-,-,-,-,教養娯楽関係費,445830,434288,427938,414681,429874,425213,415223,425851,430395,426733,432356,396047,392224,397894,397784,389815,384734,383828,380195,402477,310834,313298,352268,387703,393669,418397
174,-,-,-,-,耐久財(教養娯楽関係費),43437,42724,39560,35587,37007,40225,39364,41701,41971,48548,57432,36957,23455,21976,24748,20457,20750,20810,20506,24545,28354,27859,25236,25186,25207,29517
175,-,-,-,-,他の教養娯楽関係費,402394,391564,388378,379093,392867,384988,375858,384150,388424,378185,374925,359090,368769,375919,373036,369358,363984,363017,359689,377931,282481,285439,327031,362517,368463,388880
176,-,-,-,-,読書,54742,53873,56603,55386,55463,54821,52865,52015,51638,50888,49543,48397,47625,46722,45862,44727,43223,41835,40506,40559,39692,39521,37337,36669,35647,34923
177,-,-,-,-,聴視・観覧,27868,28761,30222,30443,31430,31379,30745,32361,33653,33608,34601,33171,34534,35044,35550,35434,36696,36990,36581,37432,32543,32481,35002,35880,34245,36790
178,-,-,-,-,旅行,134141,127041,120147,114101,121830,119137,114928,117248,116864,107552,108717,100788,107407,112957,110330,108840,103015,103618,100801,109876,39020,38007,68838,95582,102319,112774
179,-,-,-,-,スポーツ,33482,32669,29729,28388,29925,29548,30279,30675,32307,32148,29318,28953,29919,32346,31515,32750,33490,31468,32838,36125,29242,29674,33141,36839,36006,36360
180,-,-,-,-,月謝,39616,39362,37755,37600,39066,37015,34253,35601,33988,34583,34475,33519,34764,33583,33188,33084,32416,33148,32797,32940,25184,26276,28976,28083,28700,27554
181,-,-,-,-,会費・つきあい費,18236,16958,16641,15535,15957,15153,13390,13081,13436,13144,12889,12273,12204,11633,11018,10969,9961,9337,9693,10065,8650,7391,6988,7199,6853,6914
182,-,-,-,-,その他の教養娯楽,94309,92900,97282,97641,99196,97934,99398,103170,106538,106262,105381,101988,102316,103634,105573,103555,105182,106622,106473,110934,108148,112089,116750,122266,124692,133566
183,-,-,-,-,消費支出(再掲),3807937,3708649,3671438,3622095,3635703,3606377,3539316,3573382,3563187,3500848,3482930,3395587,3434026,3485454,3494322,3448482,3386257,3396330,3447782,3520547,3335114,3348287,3490383,3527961,3602915,3768007
184,-,-,-,-,基礎的支出,2162294,2130836,2133327,2123189,2107355,2058487,2038681,2054618,2047935,1998544,1919849,1910114,1904710,1926383,1937633,2012797,1965938,1969461,1980327,2002085,1986687,1989691,2072703,2076487,2106994,2141647
185,-,-,-,-,選択的支出,1645643,1577813,1538112,1498906,1528347,1547889,1500636,1518763,1515252,1502304,1563081,1485473,1529317,1559071,1556690,1435685,1420319,1426868,1467455,1518463,1348427,1358596,1417680,1451474,1495921,1626360
