曜日,層,行動,行為者率(％),行為者平均時間量(時間:分),全員平均時間量(時間:分),全員平均時間量の標準偏差(時間:分)
平日,国民全体,睡眠,99.6,7:28,7:27,1:32
平日,国民全体,食事,99.6,1:32,1:31,0:37
平日,国民全体,身のまわりの用事,98.3,1:04,1:03,0:36
平日,国民全体,療養・静養,6.7,2:34,0:10,1:11
平日,国民全体,仕事関連,59.1,8:04,4:46,4:33
平日,国民全体,仕事,58.6,7:53,4:37,4:26
平日,国民全体,仕事のつきあい,6.5,2:13,0:09,0:45
平日,国民全体,学業,15.5,7:53,1:13,3:05
平日,国民全体,授業・学内の活動,14.7,6:22,0:56,2:25
平日,国民全体,学校外の学習,11.5,2:28,0:17,1:03
平日,国民全体,家事,56.8,4:00,2:16,3:13
平日,国民全体,炊事・掃除・洗濯,45.7,2:36,1:11,1:46
平日,国民全体,買い物,30.1,1:01,0:18,0:39
平日,国民全体,子どもの世話,13.3,3:11,0:25,1:40
平日,国民全体,家庭雑事,29.3,1:38,0:29,1:09
平日,国民全体,通勤,46.7,1:15,0:35,0:56
平日,国民全体,通学,15.4,1:11,0:11,0:34
平日,国民全体,社会参加,7.5,2:02,0:09,0:48
平日,国民全体,会話・交際,26.9,1:33,0:25,1:06
平日,国民全体,レジャー活動,35.1,2:27,0:52,1:49
平日,国民全体,スポーツ,7.0,1:36,0:07,0:35
平日,国民全体,行楽・散策,12.8,1:56,0:15,1:07
平日,国民全体,趣味・娯楽・教養,21.7,2:20,0:30,1:19
平日,国民全体,マスメディア接触,96.5,4:35,4:26,3:03
平日,国民全体,テレビ,92.1,3:36,3:19,2:31
平日,国民全体,ラジオ,17.4,2:29,0:26,1:30
平日,国民全体,新聞,52.1,0:45,0:24,0:34
平日,国民全体,雑誌・マンガ,13.7,0:54,0:07,0:25
平日,国民全体,本,12.6,1:09,0:09,0:30
平日,国民全体,ＣＤ・テープ,11.0,1:26,0:10,0:39
平日,国民全体,ビデオ,6.9,1:28,0:06,0:28
平日,国民全体,休息,45.9,1:01,0:28,0:52
平日,国民全体,その他・不明,33.1,1:13,0:24,0:58
平日,国民全体,必需行動,100.0,10:09,10:09,1:59
平日,国民全体,拘束行動,96.2,9:19,8:58,3:46
平日,国民全体,自由行動,97.2,4:36,4:29,3:06
平日,国民全体,在宅,98.6,15:21,15:08,5:07
平日,国民全体,起床在宅,98.3,8:04,7:55,4:32
平日,国民全体,テレビ（自宅内）,88.8,3:30,3:07,2:31
平日,国民全体,テレビ（自宅外）,16.1,1:18,0:13,0:44
平日,国民全体,テレビ（ながら）,73.1,1:45,1:17,1:32
平日,国民全体,テレビ（専　念）,84.2,2:26,2:03,1:52
土曜日,国民全体,睡眠,99.6,7:47,7:45,1:45
土曜日,国民全体,食事,99.3,1:36,1:36,0:41
土曜日,国民全体,身のまわりの用事,97.7,1:05,1:03,0:41
土曜日,国民全体,療養・静養,5.4,2:45,0:09,1:11
土曜日,国民全体,仕事関連,42.4,7:12,3:03,4:06
土曜日,国民全体,仕事,41.5,7:00,2:54,3:57
土曜日,国民全体,仕事のつきあい,5.2,2:51,0:09,0:53
土曜日,国民全体,学業,12.0,5:27,0:39,2:07
土曜日,国民全体,授業・学内の活動,8.2,4:50,0:24,1:30
土曜日,国民全体,学校外の学習,8.5,3:04,0:16,1:08
土曜日,国民全体,家事,63.7,4:15,2:42,3:23
土曜日,国民全体,炊事・掃除・洗濯,47.8,2:44,1:18,1:53
土曜日,国民全体,買い物,37.6,1:22,0:31,0:57
土曜日,国民全体,子どもの世話,12.9,3:21,0:26,1:44
土曜日,国民全体,家庭雑事,31.9,1:49,0:35,1:18
土曜日,国民全体,通勤,29.2,1:06,0:19,0:42
土曜日,国民全体,通学,8.6,1:08,0:06,0:24
土曜日,国民全体,社会参加,9.8,2:54,0:17,1:14
土曜日,国民全体,会話・交際,29.8,2:12,0:39,1:33
土曜日,国民全体,レジャー活動,46.3,3:47,1:45,2:52
土曜日,国民全体,スポーツ,8.3,2:42,0:13,1:03
土曜日,国民全体,行楽・散策,21.4,3:14,0:41,2:03
土曜日,国民全体,趣味・娯楽・教養,25.8,3:17,0:51,1:56
土曜日,国民全体,マスメディア接触,95.7,5:06,4:53,3:09
土曜日,国民全体,テレビ,91.5,4:00,3:40,2:40
土曜日,国民全体,ラジオ,15.4,2:33,0:24,1:23
土曜日,国民全体,新聞,50.2,0:46,0:23,0:33
土曜日,国民全体,雑誌・マンガ,14.7,1:03,0:09,0:29
土曜日,国民全体,本,12.2,1:19,0:10,0:34
土曜日,国民全体,ＣＤ・テープ,12.2,1:44,0:13,0:48
土曜日,国民全体,ビデオ,9.7,1:37,0:09,0:35
土曜日,国民全体,休息,43.5,1:09,0:30,0:57
土曜日,国民全体,その他・不明,33.0,1:20,0:27,1:00
土曜日,国民全体,必需行動,100.0,10:32,10:32,2:07
土曜日,国民全体,拘束行動,91.4,7:34,6:55,4:11
土曜日,国民全体,自由行動,97.8,6:15,6:07,3:44
土曜日,国民全体,在宅,98.4,16:39,16:24,5:17
土曜日,国民全体,起床在宅,98.1,9:05,8:54,4:34
土曜日,国民全体,テレビ（自宅内）,88.0,3:53,3:25,2:42
土曜日,国民全体,テレビ（自宅外）,13.9,1:45,0:15,0:54
土曜日,国民全体,テレビ（ながら）,70.5,1:46,1:15,1:30
土曜日,国民全体,テレビ（専　念）,84.4,2:52,2:25,2:06
日曜日,国民全体,睡眠,99.5,8:20,8:18,1:53
日曜日,国民全体,食事,99.3,1:39,1:38,0:41
日曜日,国民全体,身のまわりの用事,97.6,1:06,1:04,0:39
日曜日,国民全体,療養・静養,1.7,4:08,0:04,0:58
日曜日,国民全体,仕事関連,26.5,6:17,1:40,3:18
日曜日,国民全体,仕事,25.1,6:15,1:34,3:12
日曜日,国民全体,仕事のつきあい,3.3,2:56,0:06,0:47
日曜日,国民全体,学業,11.4,4:02,0:28,1:40
日曜日,国民全体,授業・学内の活動,2.5,5:07,0:08,0:54
日曜日,国民全体,学校外の学習,10.4,3:13,0:20,1:21
日曜日,国民全体,家事,66.8,4:04,2:43,3:10
日曜日,国民全体,炊事・掃除・洗濯,48.0,2:31,1:13,1:45
日曜日,国民全体,買い物,38.0,1:30,0:34,1:01
日曜日,国民全体,子どもの世話,13.3,3:07,0:25,1:37
日曜日,国民全体,家庭雑事,33.5,1:51,0:37,1:22
日曜日,国民全体,通勤,14.8,1:05,0:10,0:31
日曜日,国民全体,通学,2.9,1:06,0:02,0:14
日曜日,国民全体,社会参加,13.8,3:37,0:30,1:41
日曜日,国民全体,会話・交際,29.6,2:34,0:45,1:47
日曜日,国民全体,レジャー活動,52.5,4:14,2:13,3:15
日曜日,国民全体,スポーツ,9.6,2:56,0:17,1:12
日曜日,国民全体,行楽・散策,27.5,3:41,1:01,2:30
日曜日,国民全体,趣味・娯楽・教養,27.5,3:25,0:56,2:06
日曜日,国民全体,マスメディア接触,96.2,5:23,5:11,3:14
日曜日,国民全体,テレビ,92.0,4:24,4:03,2:52
日曜日,国民全体,ラジオ,12.7,2:16,0:17,1:08
日曜日,国民全体,新聞,48.1,0:44,0:21,0:32
日曜日,国民全体,雑誌・マンガ,14.6,1:06,0:10,0:31
日曜日,国民全体,本,13.1,1:22,0:11,0:37
日曜日,国民全体,ＣＤ・テープ,12.0,1:48,0:13,0:51
日曜日,国民全体,ビデオ,10.5,1:37,0:10,0:37
日曜日,国民全体,休息,42.0,1:15,0:32,1:01
日曜日,国民全体,その他・不明,32.7,1:28,0:29,1:06
日曜日,国民全体,必需行動,100.0,11:04,11:04,2:08
日曜日,国民全体,拘束行動,86.2,6:13,5:21,4:06
日曜日,国民全体,自由行動,98.2,7:14,7:06,3:54
日曜日,国民全体,在宅,98.5,17:42,17:26,5:17
日曜日,国民全体,起床在宅,98.1,9:38,9:27,4:20
日曜日,国民全体,テレビ（自宅内）,89.0,4:18,3:49,2:53
日曜日,国民全体,テレビ（自宅外）,11.9,1:54,0:14,0:53
日曜日,国民全体,テレビ（ながら）,69.9,1:45,1:13,1:29
日曜日,国民全体,テレビ（専　念）,87.4,3:14,2:49,2:21